filename,label
Image_5001.jpg,Sedan
Image_5002.jpg,Sedan
Image_5003.jpg,Wagon
Image_5004.jpg,Van
Image_5005.jpg,Convertible
Image_5006.jpg,Wagon
Image_5007.jpg,Wagon
Image_5008.jpg,Hatchback
Image_5009.jpg,Sedan
Image_5010.jpg,Cab
Image_5011.jpg,Cab
Image_5012.jpg,Sedan
Image_5013.jpg,Van
Image_5014.jpg,Sedan
Image_5015.jpg,Convertible
Image_5016.jpg,Cab
Image_5017.jpg,SUV
Image_5018.jpg,Convertible
Image_5019.jpg,Minivan
Image_5020.jpg,Sedan
Image_5021.jpg,Other
Image_5022.jpg,Wagon
Image_5023.jpg,Sedan
Image_5024.jpg,Sedan
Image_5025.jpg,Other
Image_5026.jpg,Convertible
Image_5027.jpg,SUV
Image_5028.jpg,Convertible
Image_5029.jpg,Cab
Image_5030.jpg,Sedan
Image_5031.jpg,Sedan
Image_5032.jpg,Convertible
Image_5033.jpg,Coupe
Image_5034.jpg,Coupe
Image_5035.jpg,Hatchback
Image_5036.jpg,Sedan
Image_5037.jpg,Coupe
Image_5038.jpg,Other
Image_5039.jpg,Coupe
Image_5040.jpg,Hatchback
Image_5041.jpg,Sedan
Image_5042.jpg,Coupe
Image_5043.jpg,Sedan
Image_5044.jpg,Coupe
Image_5045.jpg,Van
Image_5046.jpg,Coupe
Image_5047.jpg,Sedan
Image_5048.jpg,Cab
Image_5049.jpg,Cab
Image_5050.jpg,Coupe
Image_5051.jpg,Hatchback
Image_5052.jpg,Other
Image_5053.jpg,Convertible
Image_5054.jpg,Sedan
Image_5055.jpg,SUV
Image_5056.jpg,Sedan
Image_5057.jpg,Coupe
Image_5058.jpg,Sedan
Image_5059.jpg,Sedan
Image_5060.jpg,Coupe
Image_5061.jpg,Sedan
Image_5062.jpg,Sedan
Image_5063.jpg,Convertible
Image_5064.jpg,Sedan
Image_5065.jpg,Sedan
Image_5066.jpg,Sedan
Image_5067.jpg,Convertible
Image_5068.jpg,Sedan
Image_5069.jpg,Other
Image_5070.jpg,Coupe
Image_5071.jpg,Sedan
Image_5072.jpg,Sedan
Image_5073.jpg,Coupe
Image_5074.jpg,Sedan
Image_5075.jpg,Coupe
Image_5076.jpg,SUV
Image_5077.jpg,Sedan
Image_5078.jpg,Sedan
Image_5079.jpg,Coupe
Image_5080.jpg,Hatchback
Image_5081.jpg,Coupe
Image_5082.jpg,Convertible
Image_5083.jpg,Sedan
Image_5084.jpg,Hatchback
Image_5085.jpg,Wagon
Image_5086.jpg,Hatchback
Image_5087.jpg,Coupe
Image_5088.jpg,SUV
Image_5089.jpg,SUV
Image_5090.jpg,Convertible
Image_5091.jpg,Other
Image_5092.jpg,Minivan
Image_5093.jpg,Sedan
Image_5094.jpg,Sedan
Image_5095.jpg,SUV
Image_5096.jpg,Sedan
Image_5097.jpg,Convertible
Image_5098.jpg,Cab
Image_5099.jpg,SUV
Image_5100.jpg,Sedan
Image_5101.jpg,Other
Image_5102.jpg,Coupe
Image_5103.jpg,Coupe
Image_5104.jpg,SUV
Image_5105.jpg,Cab
Image_5106.jpg,Hatchback
Image_5107.jpg,SUV
Image_5108.jpg,SUV
Image_5109.jpg,Cab
Image_5110.jpg,Sedan
Image_5111.jpg,Sedan
Image_5112.jpg,SUV
Image_5113.jpg,Sedan
Image_5114.jpg,Hatchback
Image_5115.jpg,Convertible
Image_5116.jpg,Cab
Image_5117.jpg,Coupe
Image_5118.jpg,Sedan
Image_5119.jpg,Van
Image_5120.jpg,Coupe
Image_5121.jpg,Coupe
Image_5122.jpg,Coupe
Image_5123.jpg,Wagon
Image_5124.jpg,SUV
Image_5125.jpg,Hatchback
Image_5126.jpg,Other
Image_5127.jpg,Hatchback
Image_5128.jpg,Other
Image_5129.jpg,Van
Image_5130.jpg,Sedan
Image_5131.jpg,Minivan
Image_5132.jpg,Coupe
Image_5133.jpg,Sedan
Image_5134.jpg,Hatchback
Image_5135.jpg,Minivan
Image_5136.jpg,Cab
Image_5137.jpg,Coupe
Image_5138.jpg,Convertible
Image_5139.jpg,Coupe
Image_5140.jpg,Coupe
Image_5141.jpg,Sedan
Image_5142.jpg,Cab
Image_5143.jpg,Minivan
Image_5144.jpg,SUV
Image_5145.jpg,SUV
Image_5146.jpg,Sedan
Image_5147.jpg,Other
Image_5148.jpg,Coupe
Image_5149.jpg,Convertible
Image_5150.jpg,SUV
Image_5151.jpg,SUV
Image_5152.jpg,Cab
Image_5153.jpg,Cab
Image_5154.jpg,Other
Image_5155.jpg,SUV
Image_5156.jpg,Sedan
Image_5157.jpg,Sedan
Image_5158.jpg,Coupe
Image_5159.jpg,Convertible
Image_5160.jpg,Coupe
Image_5161.jpg,Cab
Image_5162.jpg,Van
Image_5163.jpg,Hatchback
Image_5164.jpg,Wagon
Image_5165.jpg,SUV
Image_5166.jpg,Cab
Image_5167.jpg,Sedan
Image_5168.jpg,Cab
Image_5169.jpg,Sedan
Image_5170.jpg,Coupe
Image_5171.jpg,Convertible
Image_5172.jpg,Coupe
Image_5173.jpg,Wagon
Image_5174.jpg,Convertible
Image_5175.jpg,Sedan
Image_5176.jpg,Hatchback
Image_5177.jpg,Hatchback
Image_5178.jpg,Cab
Image_5179.jpg,Hatchback
Image_5180.jpg,SUV
Image_5181.jpg,Other
Image_5182.jpg,Wagon
Image_5183.jpg,Hatchback
Image_5184.jpg,SUV
Image_5185.jpg,Minivan
Image_5186.jpg,SUV
Image_5187.jpg,Sedan
Image_5188.jpg,Sedan
Image_5189.jpg,Cab
Image_5190.jpg,Sedan
Image_5191.jpg,Minivan
Image_5192.jpg,SUV
Image_5193.jpg,Sedan
Image_5194.jpg,Cab
Image_5195.jpg,Coupe
Image_5196.jpg,Sedan
Image_5197.jpg,SUV
Image_5198.jpg,Sedan
Image_5199.jpg,Coupe
Image_5200.jpg,Hatchback
Image_5201.jpg,Sedan
Image_5202.jpg,Cab
Image_5203.jpg,Cab
Image_5204.jpg,Coupe
Image_5205.jpg,Coupe
Image_5206.jpg,Coupe
Image_5207.jpg,Convertible
Image_5208.jpg,Convertible
Image_5209.jpg,Wagon
Image_5210.jpg,Convertible
Image_5211.jpg,SUV
Image_5212.jpg,Cab
Image_5213.jpg,Other
Image_5214.jpg,Sedan
Image_5215.jpg,SUV
Image_5216.jpg,Sedan
Image_5217.jpg,Sedan
Image_5218.jpg,Wagon
Image_5219.jpg,Other
Image_5220.jpg,Coupe
Image_5221.jpg,Hatchback
Image_5222.jpg,Cab
Image_5223.jpg,Cab
Image_5224.jpg,Other
Image_5225.jpg,Sedan
Image_5226.jpg,Sedan
Image_5227.jpg,SUV
Image_5228.jpg,Hatchback
Image_5229.jpg,Coupe
Image_5230.jpg,Van
Image_5231.jpg,Wagon
Image_5232.jpg,Convertible
Image_5233.jpg,Convertible
Image_5234.jpg,Other
Image_5235.jpg,Coupe
Image_5236.jpg,SUV
Image_5237.jpg,Cab
Image_5238.jpg,Convertible
Image_5239.jpg,Convertible
Image_5240.jpg,Coupe
Image_5241.jpg,Sedan
Image_5242.jpg,Hatchback
Image_5243.jpg,Hatchback
Image_5244.jpg,Hatchback
Image_5245.jpg,Convertible
Image_5246.jpg,Other
Image_5247.jpg,Van
Image_5248.jpg,Cab
Image_5249.jpg,Convertible
Image_5250.jpg,Sedan
Image_5251.jpg,SUV
Image_5252.jpg,Convertible
Image_5253.jpg,Van
Image_5254.jpg,Coupe
Image_5255.jpg,SUV
Image_5256.jpg,Sedan
Image_5257.jpg,Sedan
Image_5258.jpg,Minivan
Image_5259.jpg,Cab
Image_5260.jpg,Cab
Image_5261.jpg,Hatchback
Image_5262.jpg,Hatchback
Image_5263.jpg,Coupe
Image_5264.jpg,Convertible
Image_5265.jpg,Sedan
Image_5266.jpg,SUV
Image_5267.jpg,Sedan
Image_5268.jpg,Convertible
Image_5269.jpg,Hatchback
Image_5270.jpg,SUV
Image_5271.jpg,Wagon
Image_5272.jpg,Other
Image_5273.jpg,Sedan
Image_5274.jpg,Wagon
Image_5275.jpg,Wagon
Image_5276.jpg,Sedan
Image_5277.jpg,SUV
Image_5278.jpg,Sedan
Image_5279.jpg,SUV
Image_5280.jpg,Convertible
Image_5281.jpg,SUV
Image_5282.jpg,Convertible
Image_5283.jpg,Sedan
Image_5284.jpg,SUV
Image_5285.jpg,Convertible
Image_5286.jpg,Convertible
Image_5287.jpg,SUV
Image_5288.jpg,Sedan
Image_5289.jpg,Sedan
Image_5290.jpg,Wagon
Image_5291.jpg,Sedan
Image_5292.jpg,SUV
Image_5293.jpg,SUV
Image_5294.jpg,SUV
Image_5295.jpg,SUV
Image_5296.jpg,SUV
Image_5297.jpg,Cab
Image_5298.jpg,SUV
Image_5299.jpg,Other
Image_5300.jpg,Wagon
Image_5301.jpg,Sedan
Image_5302.jpg,Other
Image_5303.jpg,Other
Image_5304.jpg,Convertible
Image_5305.jpg,Sedan
Image_5306.jpg,Other
Image_5307.jpg,Other
Image_5308.jpg,Other
Image_5309.jpg,SUV
Image_5310.jpg,Other
Image_5311.jpg,Other
Image_5312.jpg,Coupe
Image_5313.jpg,Coupe
Image_5314.jpg,SUV
Image_5315.jpg,Hatchback
Image_5316.jpg,Convertible
Image_5317.jpg,Sedan
Image_5318.jpg,Sedan
Image_5319.jpg,Other
Image_5320.jpg,SUV
Image_5321.jpg,Hatchback
Image_5322.jpg,Sedan
Image_5323.jpg,Cab
Image_5324.jpg,Van
Image_5325.jpg,Convertible
Image_5326.jpg,SUV
Image_5327.jpg,Cab
Image_5328.jpg,Convertible
Image_5329.jpg,SUV
Image_5330.jpg,Sedan
Image_5331.jpg,Other
Image_5332.jpg,Minivan
Image_5333.jpg,Minivan
Image_5334.jpg,Sedan
Image_5335.jpg,SUV
Image_5336.jpg,Coupe
Image_5337.jpg,Other
Image_5338.jpg,Convertible
Image_5339.jpg,Sedan
Image_5340.jpg,Hatchback
Image_5341.jpg,Cab
Image_5342.jpg,Van
Image_5343.jpg,Sedan
Image_5344.jpg,Coupe
Image_5345.jpg,Cab
Image_5346.jpg,Coupe
Image_5347.jpg,Coupe
Image_5348.jpg,Other
Image_5349.jpg,Convertible
Image_5350.jpg,SUV
Image_5351.jpg,Convertible
Image_5352.jpg,Other
Image_5353.jpg,Hatchback
Image_5354.jpg,Other
Image_5355.jpg,Cab
Image_5356.jpg,Convertible
Image_5357.jpg,Convertible
Image_5358.jpg,Coupe
Image_5359.jpg,Van
Image_5360.jpg,Sedan
Image_5361.jpg,Sedan
Image_5362.jpg,Sedan
Image_5363.jpg,SUV
Image_5364.jpg,Sedan
Image_5365.jpg,Coupe
Image_5366.jpg,Sedan
Image_5367.jpg,SUV
Image_5368.jpg,Hatchback
Image_5369.jpg,SUV
Image_5370.jpg,Coupe
Image_5371.jpg,Convertible
Image_5372.jpg,Coupe
Image_5373.jpg,Coupe
Image_5374.jpg,SUV
Image_5375.jpg,Other
Image_5376.jpg,Hatchback
Image_5377.jpg,SUV
Image_5378.jpg,Other
Image_5379.jpg,Other
Image_5380.jpg,Hatchback
Image_5381.jpg,Sedan
Image_5382.jpg,Van
Image_5383.jpg,Sedan
Image_5384.jpg,Other
Image_5385.jpg,Sedan
Image_5386.jpg,Sedan
Image_5387.jpg,Coupe
Image_5388.jpg,Cab
Image_5389.jpg,Sedan
Image_5390.jpg,Coupe
Image_5391.jpg,Coupe
Image_5392.jpg,Wagon
Image_5393.jpg,Hatchback
Image_5394.jpg,Cab
Image_5395.jpg,Wagon
Image_5396.jpg,Cab
Image_5397.jpg,SUV
Image_5398.jpg,Sedan
Image_5399.jpg,Sedan
Image_5400.jpg,Hatchback
Image_5401.jpg,Hatchback
Image_5402.jpg,Cab
Image_5403.jpg,Hatchback
Image_5404.jpg,Convertible
Image_5405.jpg,SUV
Image_5406.jpg,Convertible
Image_5407.jpg,Wagon
Image_5408.jpg,SUV
Image_5409.jpg,Convertible
Image_5410.jpg,Sedan
Image_5411.jpg,Sedan
Image_5412.jpg,Sedan
Image_5413.jpg,Wagon
Image_5414.jpg,Sedan
Image_5415.jpg,Minivan
Image_5416.jpg,Sedan
Image_5417.jpg,Sedan
Image_5418.jpg,Sedan
Image_5419.jpg,Coupe
Image_5420.jpg,Sedan
Image_5421.jpg,Sedan
Image_5422.jpg,Minivan
Image_5423.jpg,Van
Image_5424.jpg,Hatchback
Image_5425.jpg,Cab
Image_5426.jpg,Sedan
Image_5427.jpg,Sedan
Image_5428.jpg,Sedan
Image_5429.jpg,SUV
Image_5430.jpg,Other
Image_5431.jpg,SUV
Image_5432.jpg,SUV
Image_5433.jpg,Convertible
Image_5434.jpg,Other
Image_5435.jpg,SUV
Image_5436.jpg,Sedan
Image_5437.jpg,Sedan
Image_5438.jpg,Coupe
Image_5439.jpg,Other
Image_5440.jpg,SUV
Image_5441.jpg,Sedan
Image_5442.jpg,Sedan
Image_5443.jpg,Convertible
Image_5444.jpg,Minivan
Image_5445.jpg,Other
Image_5446.jpg,SUV
Image_5447.jpg,Coupe
Image_5448.jpg,Other
Image_5449.jpg,Cab
Image_5450.jpg,Sedan
Image_5451.jpg,Cab
Image_5452.jpg,Sedan
Image_5453.jpg,Coupe
Image_5454.jpg,Sedan
Image_5455.jpg,Coupe
Image_5456.jpg,Cab
Image_5457.jpg,Sedan
Image_5458.jpg,Sedan
Image_5459.jpg,Convertible
Image_5460.jpg,Coupe
Image_5461.jpg,Sedan
Image_5462.jpg,Coupe
Image_5463.jpg,Convertible
Image_5464.jpg,SUV
Image_5465.jpg,Coupe
Image_5466.jpg,Sedan
Image_5467.jpg,Other
Image_5468.jpg,Wagon
Image_5469.jpg,Convertible
Image_5470.jpg,Sedan
Image_5471.jpg,Cab
Image_5472.jpg,Sedan
Image_5473.jpg,Other
Image_5474.jpg,SUV
Image_5475.jpg,SUV
Image_5476.jpg,Other
Image_5477.jpg,Other
Image_5478.jpg,Convertible
Image_5479.jpg,Cab
Image_5480.jpg,Sedan
Image_5481.jpg,Wagon
Image_5482.jpg,Sedan
Image_5483.jpg,Coupe
Image_5484.jpg,Minivan
Image_5485.jpg,Coupe
Image_5486.jpg,Van
Image_5487.jpg,Convertible
Image_5488.jpg,Other
Image_5489.jpg,Other
Image_5490.jpg,Other
Image_5491.jpg,Convertible
Image_5492.jpg,Convertible
Image_5493.jpg,SUV
Image_5494.jpg,SUV
Image_5495.jpg,Coupe
Image_5496.jpg,Coupe
Image_5497.jpg,Wagon
Image_5498.jpg,Sedan
Image_5499.jpg,Cab
Image_5500.jpg,Cab
Image_5501.jpg,Coupe
Image_5502.jpg,Sedan
Image_5503.jpg,Van
Image_5504.jpg,Hatchback
Image_5505.jpg,SUV
Image_5506.jpg,Hatchback
Image_5507.jpg,Minivan
Image_5508.jpg,Convertible
Image_5509.jpg,Sedan
Image_5510.jpg,Other
Image_5511.jpg,Sedan
Image_5512.jpg,Sedan
Image_5513.jpg,SUV
Image_5514.jpg,Coupe
Image_5515.jpg,Wagon
Image_5516.jpg,Sedan
Image_5517.jpg,Sedan
Image_5518.jpg,Sedan
Image_5519.jpg,Hatchback
Image_5520.jpg,SUV
Image_5521.jpg,SUV
Image_5522.jpg,SUV
Image_5523.jpg,Coupe
Image_5524.jpg,Sedan
Image_5525.jpg,Wagon
Image_5526.jpg,Minivan
Image_5527.jpg,SUV
Image_5528.jpg,Sedan
Image_5529.jpg,Hatchback
Image_5530.jpg,Sedan
Image_5531.jpg,SUV
Image_5532.jpg,Other
Image_5533.jpg,Sedan
Image_5534.jpg,SUV
Image_5535.jpg,Coupe
Image_5536.jpg,Sedan
Image_5537.jpg,Van
Image_5538.jpg,Convertible
Image_5539.jpg,SUV
Image_5540.jpg,Sedan
Image_5541.jpg,Coupe
Image_5542.jpg,Convertible
Image_5543.jpg,Coupe
Image_5544.jpg,SUV
Image_5545.jpg,Other
Image_5546.jpg,Sedan
Image_5547.jpg,SUV
Image_5548.jpg,SUV
Image_5549.jpg,Van
Image_5550.jpg,SUV
Image_5551.jpg,Sedan
Image_5552.jpg,SUV
Image_5553.jpg,SUV
Image_5554.jpg,Convertible
Image_5555.jpg,Van
Image_5556.jpg,Other
Image_5557.jpg,SUV
Image_5558.jpg,SUV
Image_5559.jpg,SUV
Image_5560.jpg,Sedan
Image_5561.jpg,Wagon
Image_5562.jpg,Sedan
Image_5563.jpg,Cab
Image_5564.jpg,Sedan
Image_5565.jpg,Wagon
Image_5566.jpg,Cab
Image_5567.jpg,Sedan
Image_5568.jpg,Sedan
Image_5569.jpg,SUV
Image_5570.jpg,Sedan
Image_5571.jpg,Sedan
Image_5572.jpg,Van
Image_5573.jpg,Sedan
Image_5574.jpg,SUV
Image_5575.jpg,Convertible
Image_5576.jpg,Convertible
Image_5577.jpg,Sedan
Image_5578.jpg,Other
Image_5579.jpg,Other
Image_5580.jpg,SUV
Image_5581.jpg,Coupe
Image_5582.jpg,Sedan
Image_5583.jpg,Other
Image_5584.jpg,Minivan
Image_5585.jpg,Cab
Image_5586.jpg,SUV
Image_5587.jpg,SUV
Image_5588.jpg,Cab
Image_5589.jpg,Sedan
Image_5590.jpg,Cab
Image_5591.jpg,SUV
Image_5592.jpg,Convertible
Image_5593.jpg,Convertible
Image_5594.jpg,SUV
Image_5595.jpg,Cab
Image_5596.jpg,Convertible
Image_5597.jpg,Cab
Image_5598.jpg,Sedan
Image_5599.jpg,Coupe
Image_5600.jpg,SUV
Image_5601.jpg,Other
Image_5602.jpg,Other
Image_5603.jpg,Hatchback
Image_5604.jpg,Coupe
Image_5605.jpg,Sedan
Image_5606.jpg,Sedan
Image_5607.jpg,SUV
Image_5608.jpg,Sedan
Image_5609.jpg,Wagon
Image_5610.jpg,SUV
Image_5611.jpg,Convertible
Image_5612.jpg,Other
Image_5613.jpg,Other
Image_5614.jpg,Sedan
Image_5615.jpg,Hatchback
Image_5616.jpg,SUV
Image_5617.jpg,Cab
Image_5618.jpg,Coupe
Image_5619.jpg,SUV
Image_5620.jpg,Hatchback
Image_5621.jpg,SUV
Image_5622.jpg,Sedan
Image_5623.jpg,Convertible
Image_5624.jpg,Van
Image_5625.jpg,SUV
Image_5626.jpg,Sedan
Image_5627.jpg,Minivan
Image_5628.jpg,Wagon
Image_5629.jpg,SUV
Image_5630.jpg,Coupe
Image_5631.jpg,Sedan
Image_5632.jpg,Sedan
Image_5633.jpg,Coupe
Image_5634.jpg,Sedan
Image_5635.jpg,Other
Image_5636.jpg,Sedan
Image_5637.jpg,SUV
Image_5638.jpg,Convertible
Image_5639.jpg,Cab
Image_5640.jpg,SUV
Image_5641.jpg,Sedan
Image_5642.jpg,Sedan
Image_5643.jpg,Other
Image_5644.jpg,Convertible
Image_5645.jpg,Sedan
Image_5646.jpg,Sedan
Image_5647.jpg,SUV
Image_5648.jpg,Coupe
Image_5649.jpg,Sedan
Image_5650.jpg,SUV
Image_5651.jpg,SUV
Image_5652.jpg,Hatchback
Image_5653.jpg,Coupe
Image_5654.jpg,Cab
Image_5655.jpg,Cab
Image_5656.jpg,Convertible
Image_5657.jpg,Coupe
Image_5658.jpg,SUV
Image_5659.jpg,Convertible
Image_5660.jpg,Convertible
Image_5661.jpg,Coupe
Image_5662.jpg,Coupe
Image_5663.jpg,Convertible
Image_5664.jpg,Sedan
Image_5665.jpg,Sedan
Image_5666.jpg,SUV
Image_5667.jpg,Convertible
Image_5668.jpg,Sedan
Image_5669.jpg,Convertible
Image_5670.jpg,Sedan
Image_5671.jpg,Sedan
Image_5672.jpg,Coupe
Image_5673.jpg,Coupe
Image_5674.jpg,Sedan
Image_5675.jpg,Convertible
Image_5676.jpg,Other
Image_5677.jpg,Cab
Image_5678.jpg,Sedan
Image_5679.jpg,SUV
Image_5680.jpg,SUV
Image_5681.jpg,Coupe
Image_5682.jpg,Convertible
Image_5683.jpg,SUV
Image_5684.jpg,Coupe
Image_5685.jpg,Sedan
Image_5686.jpg,Sedan
Image_5687.jpg,SUV
Image_5688.jpg,Convertible
Image_5689.jpg,Other
Image_5690.jpg,Coupe
Image_5691.jpg,Coupe
Image_5692.jpg,Cab
Image_5693.jpg,SUV
Image_5694.jpg,Convertible
Image_5695.jpg,Sedan
Image_5696.jpg,Convertible
Image_5697.jpg,Convertible
Image_5698.jpg,Other
Image_5699.jpg,Cab
Image_5700.jpg,Sedan
